id;document_name;document_type;document_format;document_size;document_path;is_validated;validated_by;validated_time;createdd_by;created_time;updated_by;updated_time
1;abaft expansion anti;Others;PdfFormat;22742;considering;false;indelible cautiously;2025-03-14T15:07:23;despite;2025-03-15T06:42:58;whereas;2025-03-14T21:41:01
2;flimsy whether;AdditionalImages;Other;31344;of without disgorge;false;deduce dim warm;2025-03-14T18:21:31;an;2025-03-15T05:53:16;psst uneven intent;2025-03-15T10:42:00
3;comfortable likewise selfish;AdditionalImages;Other;22492;gummy;true;nor provided stuff;2025-03-14T15:56:06;psst drowse;2025-03-15T03:25:53;transplant drug soulful;2025-03-15T13:49:48
4;pfft ick gee;AdditionalImages;JpgFormat;28318;dirty poppy;false;tag;2025-03-15T07:40:32;flickering delete;2025-03-15T11:36:37;till whose unto;2025-03-14T19:30:05
5;aw;Others;PdfFormat;20658;infinite in functional;false;diligently woot;2025-03-15T09:19:51;bouncy;2025-03-15T14:43:36;unsung;2025-03-14T19:00:26
6;bogus;AdditionalImages;PdfFormat;32573;hence negligible underneath;false;vet;2025-03-14T22:16:12;napkin;2025-03-14T22:33:17;ravel excluding duh;2025-03-15T06:07:44
7;silently;CancelledCheque;Other;27253;savour since;true;fuel filter;2025-03-15T02:35:42;wasteful;2025-03-14T23:52:22;electronics;2025-03-15T08:05:15
8;ouch;AdditionalImages;JpgFormat;20862;fencing;false;yippee aircraft;2025-03-15T03:34:25;tattered gee;2025-03-15T10:08:05;concerned;2025-03-14T17:39:51
9;countess ack;AddressProof;Other;28795;councilman;true;midst infatuated;2025-03-15T12:59:27;oddly whoa;2025-03-15T12:08:42;masquerade;2025-03-15T02:52:57
10;stable ugh embed;AdditionalImages;Other;1380;lest bah median;true;where;2025-03-15T02:09:43;zowie;2025-03-15T06:00:40;phew interior;2025-03-14T23:08:19
